word,date
test,Fri Feb  8 11:52:43 CST 2019
test,Fri Feb  8 11:53:26 CST 2019
good,Fri Feb  8 11:53:30 CST 2019
better,Fri Feb  8 11:53:35 CST 2019
rabbit,Fri Feb  8 13:39:38 CST 2019
rabbit,Fri Feb  8 13:39:41 CST 2019
test,Fri Feb  8 13:41:14 CST 2019
test,Fri Feb  8 13:41:32 CST 2019
test,Fri Feb  8 13:43:44 CST 2019
test,Fri Feb  8 13:43:53 CST 2019
lump,Fri Feb  8 13:49:12 CST 2019
thumb,Fri Feb  8 13:49:38 CST 2019
annoy,Fri Feb  8 13:49:58 CST 2019
annoy,Fri Feb  8 13:50:59 CST 2019
the,Fri Feb  8 14:04:44 CST 2019
test,Fri Feb  8 14:20:46 CST 2019
good,Fri Feb  8 15:20:43 CST 2019
googs,Fri Feb  8 15:20:55 CST 2019
goods,Fri Feb  8 15:20:59 CST 2019
hello,Fri Feb  8 15:22:06 CST 2019
test,Fri Feb  8 15:22:52 CST 2019
good,Fri Feb  8 15:22:59 CST 2019
test,Fri Feb  8 18:56:15 CST 2019
test,Fri Feb  8 18:56:19 CST 2019
beautiful,Fri Feb  8 18:56:24 CST 2019
beautiful,Fri Feb  8 18:56:27 CST 2019
lump,Fri Feb  8 18:57:59 CST 2019
lump,Fri Feb  8 18:58:04 CST 2019
this,Fri Feb  8 20:43:18 CST 2019
this,Fri Feb  8 20:43:46 CST 2019
this,Fri Feb  8 20:44:48 CST 2019
this,Fri Feb  8 20:45:45 CST 2019
this,Fri Feb  8 20:46:14 CST 2019
these,Fri Feb  8 20:46:29 CST 2019
good,Fri Feb  8 20:49:23 CST 2019
good luck,Fri Feb  8 20:49:29 CST 2019
good,Fri Feb  8 20:49:58 CST 2019
good,Fri Feb  8 20:50:12 CST 2019
good,Fri Feb  8 20:52:14 CST 2019
good,Fri Feb  8 20:52:51 CST 2019
good,Fri Feb  8 20:53:34 CST 2019
good,Fri Feb  8 20:54:35 CST 2019
good,Fri Feb  8 21:02:43 CST 2019
good,Fri Feb  8 21:05:51 CST 2019
good,Fri Feb  8 21:07:29 CST 2019
good,Fri Feb  8 21:07:36 CST 2019
good,Fri Feb  8 21:08:00 CST 2019
good,Fri Feb  8 21:08:47 CST 2019
good,Fri Feb  8 21:09:19 CST 2019
good,Fri Feb  8 21:10:29 CST 2019
good,Fri Feb  8 21:11:09 CST 2019
good,Fri Feb  8 21:12:27 CST 2019
This,Fri Feb  8 21:12:37 CST 2019
This,Fri Feb  8 21:13:22 CST 2019
This,Fri Feb  8 21:14:02 CST 2019
This,Fri Feb  8 21:16:03 CST 2019
This,Fri Feb  8 21:16:06 CST 2019
This,Fri Feb  8 21:16:44 CST 2019
This,Fri Feb  8 21:18:15 CST 2019
This,Fri Feb  8 21:18:19 CST 2019
This,Fri Feb  8 21:19:46 CST 2019
This,Fri Feb  8 21:20:45 CST 2019
This,Fri Feb  8 21:20:52 CST 2019
This,Fri Feb  8 21:21:02 CST 2019
This,Fri Feb  8 21:28:15 CST 2019
Thank,Fri Feb  8 21:28:30 CST 2019
test,Fri Feb  8 21:29:49 CST 2019
test,Fri Feb  8 21:31:03 CST 2019
omit,Fri Feb  8 21:39:58 CST 2019
good,Fri Feb  8 21:48:43 CST 2019
Thank,Fri Feb  8 21:53:12 CST 2019
Thank,Fri Feb  8 21:55:22 CST 2019
these,Fri Feb  8 22:42:35 CST 2019
python,Fri Feb  8 23:11:22 CST 2019
beautiful,Fri Feb  8 23:11:29 CST 2019
in,Fri Feb  8 23:15:03 CST 2019
